Scene,Characters,Actions,Dialogue
INT. Starship Enterprise,"Captain James T. Kirk, Crew Members","Captain Kirk notices Lieutenant Uhura, Lieutenant Sulu, and Ensign Chekov engaged in conversation at a nearby table.",
Mess Hall,,,
"Kirk approaches the table, showing interest in their discussion.",KIRK,,
"What's so fascinating over there, Lieutenant Uhura?",,,
Uhura excitedly shares Ensign Chekov's discovery of a star system famous for spaghetti-like nebulae.,UHURA,,
"Captain, you won't believe it! Ensign Chekov has discovered a new star system with spaghetti-like nebulae. It's incredible!",,,
Sulu adds that the nebulae emit unique energy signatures with potential technological applications.,SULU,,
And rumor has it that they possess extraordinary properties. We could learn so much from them!,,,
Chekov suggests that exploring the spaghetti-like formations might reveal hidden secrets within the cosmic pasta.,CHEKOV,,
"Captain, if we navigate the starship through the strands, we might uncover something extraordinary!",,,
"Kirk's adventurous spirit is ignited, and he decides to set a course for the Spaghetti Nebulae.",KIRK,,
EXT. Starship Enterprise,Space - Spaghetti Nebulae,"The Starship Enterprise approaches the vibrant and swirling Spaghetti Nebulae, marveling at its breathtaking beauty.",
INT. Starship Enterprise,Bridge,Kirk and the crew observe the magnificent sight on the viewscreen.,
KIRK,,,
"It's like floating through a celestial pasta feast. Helm, take us deeper into the spaghetti strands. Let's uncover their secrets.",,,
EXT. Space - Spaghetti Nebulae,,"The Starship Enterprise skillfully maneuvers through the spaghetti-like formations, venturing into the unknown.",
INT. Starship Enterprise,Mess Hall,"The crew gathers in the mess hall, enjoying a special dinner featuring plates of freshly made spaghetti.",
KIRK,,,
"To the Spaghetti Nebulae, where we found adventure, knowledge, and a newfound love for cosmic pasta!",,,
"The crew raises their glasses in a toast, celebrating their extraordinary journey among the stars.",,,
FADE OUT,,,